EMP01,50134
EMP02,47790
EMP03,42939
EMP04,46343
EMP05,22458
EMP06,34605
EMP07,60779
EMP08,53491
EMP09,13220
EMP10,54151
EMP11,46350
EMP12,78294
EMP13,65891
EMP14,55463
EMP15,66438
EMP16,8470
EMP17,48915
EMP18,69737
EMP19,35720
EMP20,30192
EMP21,20625
EMP22,71849
EMP23,97657
EMP24,37769
EMP25,17896
EMP26,53710
EMP27,47766
EMP28,75132
EMP29,53230
EMP30,30068
EMP31,62577
EMP32,97912
EMP33,46566
EMP34,32413
EMP35,41175
EMP36,37842
EMP37,56373
EMP38,95771
EMP39,92036
EMP40,44609
EMP41,97451
EMP42,96705
EMP43,94875
EMP44,96081
EMP45,13474
EMP46,82582
EMP47,96974
EMP48,67586
EMP49,69669
EMP50,8895
EMP51,23654
EMP52,44826
EMP53,42216
EMP54,63212
EMP55,10868
EMP56,88485
EMP57,71753
EMP58,35752
EMP59,11590
EMP60,11436
EMP61,12413
EMP62,63924
EMP63,99172
EMP64,64465
EMP65,42817
EMP66,16595
EMP67,75932
EMP68,25223
EMP69,55103
EMP70,9031
EMP71,51199
EMP72,64103
EMP73,84141
EMP74,42318
EMP75,16500
EMP76,52915
EMP77,83946
EMP78,58917
EMP79,66857
EMP80,50413
EMP81,18943
EMP82,13600
EMP83,13774
EMP84,73355
EMP85,29259
EMP86,71092
EMP87,86852
EMP88,42498
EMP89,64877
EMP90,61193
EMP91,78808
EMP92,63572
EMP93,35315
EMP94,28624
EMP95,76913
EMP96,37955
EMP97,86498
EMP98,25543
EMP99,25566
EMP100,82437
EMP101,97470
EMP102,50396
EMP103,80001
EMP104,43077
EMP105,51503
EMP106,85386
EMP107,37693
EMP108,55042
EMP109,55469
EMP110,15929
EMP111,39167
EMP112,21600
EMP113,74296
EMP114,48736
EMP115,43547
EMP116,47215
EMP117,55263
EMP118,28778
EMP119,30050
EMP120,84504
EMP121,50905
EMP122,73953
EMP123,95117
EMP124,26668
EMP125,14768
EMP126,62006
EMP127,15291
EMP128,72451
EMP129,44580
EMP130,55060
EMP131,98260
EMP132,98457
EMP133,41043
EMP134,55079
EMP135,31530
EMP136,24178
EMP137,60627
EMP138,53860
EMP139,94679
EMP140,39876
EMP141,64180
EMP142,81529
EMP143,52659
EMP144,13294
EMP145,65199
EMP146,90418
EMP147,63975
EMP148,87858
EMP149,74840
EMP150,56472
EMP151,48476
EMP152,31533
EMP153,43330
EMP154,62350
EMP155,21713
EMP156,92597
EMP157,85104
EMP158,85697
EMP159,20358
EMP160,26456
EMP161,93469
EMP162,72361
EMP163,38165
EMP164,68809
EMP165,72766
EMP166,44569
EMP167,86082
EMP168,28256
EMP169,89920
EMP170,74336
EMP171,43077
EMP172,12382
EMP173,88969
EMP174,23287
EMP175,72908
EMP176,40394
EMP177,62309
EMP178,32750
EMP179,93714
EMP180,82717
EMP181,73316
EMP182,52797
EMP183,72578
EMP184,45786
EMP185,90158
EMP186,65070
EMP187,64426
EMP188,20833
EMP189,86473
EMP190,81872
EMP191,76865
EMP192,48838
EMP193,68567
EMP194,60623
EMP195,34100
EMP196,86764
EMP197,93948
EMP198,94275
EMP199,56917
EMP200,25335
EMP201,76671
EMP202,36611
EMP203,84758
EMP204,70593
EMP205,66728
EMP206,18249
EMP207,45832
EMP208,59315
EMP209,58762
EMP210,53687
EMP211,23821
EMP212,35398
EMP213,70227
EMP214,73638
EMP215,93566
EMP216,53679
EMP217,39270
EMP218,62610
EMP219,68476
EMP220,57192
EMP221,16496
EMP222,54223
EMP223,84456
EMP224,88918
EMP225,79805
EMP226,33183
EMP227,11427
EMP228,67968
EMP229,11588
EMP230,93238
EMP231,40243
EMP232,45454
EMP233,47878
EMP234,88001
EMP235,92886
EMP236,89274
EMP237,13947
EMP238,92285
EMP239,53557
EMP240,20728
EMP241,54999
EMP242,80413
EMP243,91183
EMP244,36842
EMP245,12496
EMP246,8071
EMP247,17177
EMP248,11083
EMP249,24256
EMP250,49766
EMP251,58357
EMP252,19067
EMP253,71666
EMP254,41563
EMP255,81636
EMP256,81277
EMP257,53252
EMP258,78535
EMP259,23649
EMP260,61460
EMP261,10701
EMP262,46694
EMP263,57371
EMP264,38047
EMP265,48382
EMP266,39934
EMP267,22727
EMP268,85186
EMP269,82560
EMP270,81993
EMP271,10118
EMP272,12597
EMP273,27972
EMP274,81418
EMP275,23773
EMP276,26990
EMP277,69146
EMP278,9985
EMP279,63520
EMP280,53438
EMP281,32640
EMP282,58971
EMP283,64525
EMP284,98155
EMP285,87160
EMP286,43390
EMP287,26474
EMP288,10870
EMP289,13304
EMP290,96303
EMP291,36334
EMP292,71445
EMP293,85501
EMP294,39416
EMP295,33777
EMP296,47940
EMP297,48088
EMP298,89272
EMP299,88831
EMP300,64107
EMP301,93844
EMP302,73371
EMP303,24964
EMP304,59828
EMP305,55690
EMP306,77832
EMP307,51299
EMP308,17609
EMP309,52326
EMP310,20088
EMP311,92000
EMP312,29714
EMP313,37032
EMP314,62915
EMP315,91863
EMP316,51402
EMP317,42204
EMP318,44791
EMP319,75828
EMP320,50019
EMP321,35057
EMP322,40345
EMP323,45068
EMP324,36692
EMP325,92776
EMP326,36868
EMP327,22997
EMP328,27553
EMP329,88373
EMP330,76232
EMP331,76185
EMP332,92110
EMP333,25817
EMP334,42507
EMP335,69479
EMP336,27945
EMP337,50801
EMP338,57073
EMP339,85766
EMP340,93292
EMP341,9146
EMP342,24314
EMP343,43120
EMP344,49574
EMP345,45263
EMP346,60242
EMP347,37309
EMP348,61090
EMP349,73795
EMP350,85671
EMP351,79685
EMP352,19504
EMP353,74668
EMP354,87010
EMP355,17460
EMP356,36523
EMP357,24674
EMP358,45682
EMP359,68788
EMP360,87561
EMP361,10504
EMP362,33452
EMP363,29185
EMP364,33595
EMP365,10637
EMP366,69290
EMP367,95749
EMP368,53283
EMP369,77963
EMP370,10292
EMP371,39300
EMP372,68147
EMP373,50555
EMP374,91768
EMP375,19431
EMP376,70382
EMP377,38253
EMP378,49145
EMP379,17516
EMP380,40945
EMP381,78159
EMP382,36121
EMP383,93247
EMP384,60943
EMP385,49773
EMP386,73110
EMP387,18653
EMP388,23458
EMP389,14635
EMP390,33989
EMP391,37623
EMP392,33848
EMP393,50946
EMP394,31577
EMP395,45397
EMP396,76744
EMP397,60151
EMP398,13336
EMP399,28988
EMP400,66091
EMP401,84791
EMP402,94567
EMP403,27406
EMP404,22971
EMP405,72339
EMP406,86493
EMP407,87694
EMP408,37214
EMP409,36854
EMP410,20874
EMP411,92239
EMP412,87069
EMP413,47813
EMP414,37302
EMP415,73983
EMP416,92045
EMP417,16207
EMP418,31453
EMP419,65840
EMP420,21084
EMP421,53718
EMP422,36838
EMP423,16395
EMP424,79974
EMP425,97209
EMP426,87662
EMP427,20448
EMP428,60574
EMP429,46382
EMP430,65624
EMP431,75175
EMP432,31539
EMP433,11049
EMP434,43625
EMP435,54870
EMP436,53512
EMP437,13934
EMP438,38196
EMP439,42065
EMP440,77561
EMP441,8254
EMP442,64401
EMP443,28874
EMP444,49929
EMP445,88009
EMP446,83077
EMP447,19518
EMP448,20870
EMP449,40488
EMP450,73261
EMP451,75510
EMP452,70610
EMP453,39553
EMP454,11145
EMP455,41028
EMP456,94868
EMP457,70060
EMP458,68153
EMP459,12725
EMP460,12349
EMP461,16837
EMP462,61048
EMP463,73439
EMP464,55831
EMP465,17795
EMP466,97534
EMP467,37480
EMP468,58542
EMP469,68072
EMP470,31643
EMP471,24119
EMP472,32430
EMP473,16647
EMP474,30357
EMP475,31179
EMP476,58846
EMP477,47536
EMP478,84773
EMP479,21072
EMP480,10217
EMP481,16087
EMP482,19253
EMP483,76246
EMP484,26542
EMP485,38846
EMP486,63129
EMP487,21817
EMP488,65793
EMP489,27943
EMP490,17656
EMP491,18791
EMP492,21311
EMP493,76601
EMP494,21767
EMP495,45331
EMP496,57565
EMP497,46945
EMP498,32898
EMP499,49737
EMP500,40185
